{"a":{"a":0.009192057885216829,"h":0.04419258598661937,"l":1.1293857274740446,"r":0.9590675010816136,"s":0.6359755049334394,"b":0.37992366172696673,"c":0.49407311133040455,"f":0.072564226190029,"k":0.09709111141260275,"m":0.3526568361732226,"n":1.0805529199588302,"p":0.3214126778806827,"t":1.362457425967475,"x":0.03849174239434547,"y":0.09395343780755278,"d":0.3042217619318877,"i":0.2393470457035305,"u":0.1718207743159761,"z":0.051307592330465085,"e":0.09280443057190069,"g":0.2693096190024584,"j":0.009368828229163306,"w":0.07490643324731983,"v":0.1120282054760801,"q":0.010694605808761888,"o":0.008175628407524584},"h":{"e":0.614409522971969,"i":0.46495019716522235,"s":0.0627534721009995,"h":0.002872518089130259,"l":0.05024697026678622,"m":0.027664558827623725,"y":0.19007231232844993,"o":0.4603983608086006,"a":0.4135100270767974,"t":0.08140274338735287,"u":0.0878548609413993,"k":0.0025631699872239234,"r":0.10818345049524421,"c":0.004772799286554892,"b":0.0111807242546147,"n":0.035221491031335636,"d":0.003623792050902788,"f":0.007689509961671771,"g":0.0025631699872239234,"p":0.005524073248327421,"w":0.012904235108092854,"v":0.0006186962038126712,"q":0.00035354068789295495,"j":0.00048611844585281307,"z":0.0002651555159197162},"e":{"d":1.158243486123307,"s":2.6677738382542513,"l":0.5708798257751491,"r":2.2087896401972227,"e":0.27138667054382953,"n":1.1870128596005962,"m":0.37042225573984355,"y":0.0652724495022368,"v":0.11043727238056181,"a":0.4655247007830484,"c":0.41399614552265024,"g":0.13916245327186438,"i":0.13195906175604544,"t":0.5699075888834434,"b":0.09664918555273656,"f":0.12528598127206592,"p":0.25110227357597126,"o":0.14141627515718197,"u":0.10115682932337172,"w":0.08878290524711831,"q":0.027620366241637103,"h":0.04401581564267289,"x":0.16055166488938818,"z":0.01621867905708931,"k":0.02505719625441318,"j":0.013036812866052714},"i":{"n":2.2900156132406293,"i":0.004551836356621795,"s":1.3372234593691155,"a":0.46495019716522235,"c":0.9232273138464652,"r":0.24663882239132268,"l":0.5300900689094994,"e":0.7516275024604222,"p":0.20116465141109138,"o":0.7213997736455746,"v":0.24518046705376426,"g":0.2297572545444341,"d":0.33948744554920995,"t":0.7771708171606881,"f":0.17659357360253097,"m":0.27439176639091967,"z":0.31297189395723835,"u":0.05113082198651861,"b":0.13288710606176446,"x":0.024394307464613893,"k":0.06690757518374173,"q":0.01754445663668789,"y":0.003712177222876027,"h":0.010252679948895694,"j":0.0038005623948492656,"w":0.004463451184648556},"n":{"g":1.2969198209493187,"a":0.4973433626934144,"e":1.0345484379467595,"d":0.4406000822865951,"i":0.6426043928314322,"m":0.030713847260700464,"t":0.8586177531340278,"s":0.6765001062831693,"w":0.024968811082439944,"o":0.42062503342064317,"c":0.3956120297522166,"r":0.0378730461905328,"n":0.1240927814504272,"y":0.04697671890377639,"u":0.09488148211327178,"l":0.04118749013952925,"k":0.08449622440641623,"p":0.036724038954880696,"z":0.01263907959217314,"h":0.03447021706956311,"b":0.035221491031335636,"x":0.003137673605049975,"f":0.08732454990955987,"v":0.04821411131140173,"q":0.013567123897892146,"j":0.014848708891504109},"l":{"i":1.117276958913711,"s":0.18653690544952034,"f":0.030448691744780747,"v":0.03137673605049975,"l":0.5787019134947806,"y":0.49234960047692644,"o":0.5886894379277566,"e":1.0671625664048845,"a":0.7325363053142027,"m":0.039243016356118,"u":0.20752838379316457,"d":0.08210982476313879,"t":0.12068995232945749,"c":0.036724038954880696,"n":0.03623792050902788,"w":0.008971094955283731,"b":0.02090309317167096,"g":0.02240564109521602,"k":0.03411667638167015,"h":0.008617554267390777,"p":0.03747531291665322,"r":0.005656651006287279,"z":0.002032858955384491,"q":0.0006186962038126712,"x":0.00022096292993309684,"j":0.0004419258598661937},"r":{"d":0.17964286203560773,"k":0.07945826960394163,"g":0.10376419189658229,"r":0.175665529296812,"t":0.2642716641999838,"i":1.1307115050536432,"s":0.6504264805510638,"e":1.3192812694585478,"y":0.1793335139337014,"n":0.13390353553945666,"a":1.0828509344301345,"o":0.8707265216943615,"m":0.1852553204559084,"u":0.19378448955132593,"b":0.10504577689019425,"p":0.10270356983290341,"v":0.05148436267441157,"h":0.051351784916451704,"c":0.16161228695306704,"l":0.08498234285226905,"w":0.026471359005985,"f":0.05108662940053199,"z":0.004375066012675317,"j":0.005479880662340802,"q":0.005214725146421086,"x":0.00004419258598661937},"d":{"v":0.012506501834213282,"w":0.01741187887872803,"e":0.7141963821297557,"i":0.6151607969337416,"o":0.23042014333423338,"l":0.0914786529923021,"s":0.18653690544952034,"a":0.20328589553844909,"u":0.11048146496654841,"d":0.07384581118364097,"g":0.04114329755354263,"n":0.04406000822865951,"r":0.15118283666022486,"h":0.013920664585785102,"y":0.04830249648337497,"j":0.007822087719631629,"m":0.018428308356420276,"p":0.007512739617725292,"z":0.0022096292993309683,"f":0.011445879770534417,"b":0.0155115976813034,"t":0.0047286067005682724,"k":0.0012815849936119617,"c":0.008352398751471061,"q":0.00035354068789295495},"v":{"a":0.15966781316965578,"e":0.5298691059795663,"o":0.08330302458477751,"i":0.22887340282470173,"u":0.01608610129912945,"y":0.0038889475668225045,"g":0.00022096292993309684,"r":0.0038889475668225045,"v":0.0034028291209696913,"l":0.001193199821638723,"n":0.0010164294776922455,"s":0.0017235108534781555,"t":0.00004419258598661937,"h":0.00004419258598661937,"z":0.00008838517197323874,"d":0.0003093481019063356,"k":0.00022096292993309684,"q":0.00008838517197323874},"k":{"s":0.11967352285176525,"a":0.07959084736190147,"e":0.27187278898968237,"i":0.19086777887620904,"n":0.02815067727347654,"t":0.008573361681404157,"o":0.03663565378290745,"h":0.015246442165383681,"k":0.005524073248327421,"r":0.01339035355394567,"v":0.0017677034394647747,"y":0.023024337299028693,"w":0.008882709783310494,"u":0.01604190871314283,"l":0.04379485271273979,"b":0.011092339082641461,"m":0.007026621171872479,"c":0.002872518089130259,"d":0.003137673605049975,"f":0.0069824285858858595,"g":0.0016351256815049166,"p":0.005037954802474608,"j":0.0010164294776922455},"w":{"o":0.11795001199828709,"a":0.17712388463437043,"e":0.12696529953955743,"i":0.12347408524661452,"s":0.03849174239434547,"l":0.022626604025149117,"n":0.03981751997394405,"t":0.007645317375685151,"h":0.057229398852672086,"r":0.026957477451837818,"g":0.0017235108534781555,"w":0.0019444737834112523,"y":0.004065717910768982,"d":0.011092339082641461,"f":0.005391495490367563,"k":0.007380161859765435,"m":0.005082147388461228,"b":0.009987524432975977,"c":0.0027841329171570204,"j":0.00039773327387957434,"p":0.0048611844585281306,"u":0.004109910496755601,"z":0.0011490072356521036,"v":0.00008838517197323874},"o":{"l":0.5761829360935433,"g":0.35826929459352325,"r":0.8819072459489761,"n":1.364888018196739,"i":0.16055166488938818,"t":0.3844754980835885,"u":0.5695982407815371,"m":0.47564480297398426,"p":0.3987055107712799,"s":0.45155984361127677,"o":0.28110903946088583,"w":0.1747816775770796,"a":0.11450299029133078,"d":0.21141733135998705,"h":0.02222887075126954,"v":0.18856976440490483,"c":0.2925107266454336,"k":0.06743788621558115,"y":0.03911043859815814,"x":0.057848095056484757,"b":0.14711711874945588,"e":0.08542426871213524,"z":0.024261729706654033,"f":0.061869620381267115,"j":0.006186962038126711,"q":0.00989913926100274},"g":{"h":0.10738798394748508,"e":0.3998103254209454,"g":0.08816420904330564,"i":0.2961345186963364,"s":0.19621508178059,"l":0.17036241897841767,"a":0.23828642363985164,"r":0.25799631698988384,"m":0.025631699872239237,"y":0.05325206611387634,"n":0.08568942422805495,"o":0.15060833304239882,"u":0.11856870820209976,"t":0.006054384280166854,"d":0.0034028291209696913,"k":0.0008396591337457679,"w":0.0059218065222069955,"f":0.003712177222876027,"p":0.0015467405095316777,"b":0.006805658241939383,"c":0.0011048146496654841,"v":0.00008838517197323874,"j":0.0008838517197323874,"z":0.0006628887897992906},"t":{"i":1.6770202530202318,"e":1.3582149377127597,"o":0.6146746784878888,"s":0.43732983092358524,"a":0.6277998765259147,